load,value,error
500,15.407999999999998,0.25194959495899194
550,17.192,0.2399219339701978
600,19.229999999999997,0.480219999583524
500,15.276,0.3301072940726996
550,17.436,0.3186190854296086
600,18.522000000000002,0.11668174835851557
