load,value,error
500,1.1704290778245876,0.0018525970526845834
550,1.2033891789702715,0.00471386414939301
600,1.231309356060304,0.008935254894066092
500,1.1689014020072768,0.005067322214313926
550,1.1989849950712554,0.006758440976053004
600,1.2179420876232059,0.005269733795911125
