load,value,error
500,0.6096043891361489,0.002638266389747897
550,0.6219565296113098,0.0021862896228404807
600,0.6335349916321751,0.002567358095079694
500,0.6065344250766003,0.0015365627619064398
550,0.6215639113626082,0.0023057722957539124
600,0.6292929748459016,0.0031631872839905793
