load,value,error
1000,1.2952900396512244,0.2504569106229286
