load,value,error
1000,0.57407869117491,0.10859527596117946
