load,value,error
1000,0.5768701720747066,0.004261465470273616
