load,value,error
1000,-17.412640851480333,0.21613831005523615
