load,value,error
1000,0.4601338532973917,0.0011732999266968198
